2026-06-22_18-38-12,---,draft.go:2026-06-22_18-38-12
2026-06-22_18-44-22,0,draft.go:2026-06-22_18-44-22
2026-06-22_18-46-54,0,draft.go:2026-06-22_18-46-54
2026-06-22_18-48-07,0,draft.go:2026-06-22_18-48-07
2026-06-22_18-48-53,0,draft.go:2026-06-22_18-48-53
2026-06-22_18-50-23,0,draft.go:2026-06-22_18-50-23
2026-06-22_18-50-40,0,draft.go:2026-06-22_18-50-40
2026-06-22_18-55-54,0,draft.go:2026-06-22_18-55-54
2026-06-22_19-05-16,0,draft.go:2026-06-22_19-05-16
2026-06-22_19-05-51,0,draft.go:2026-06-22_19-05-51
2026-06-22_19-06-47,0,draft.go:2026-06-22_19-06-47
2026-06-22_19-08-36,33,draft.go:2026-06-22_19-08-36
2026-06-22_19-11-23,33,draft.go:2026-06-22_19-11-23
2026-06-22_19-15-10,33,draft.go:2026-06-22_19-15-10
2026-06-22_19-15-12,33,draft.go:2026-06-22_19-15-10
2026-06-22_19-16-11,33,draft.go:2026-06-22_19-16-11
2026-06-22_19-22-58,33,draft.go:2026-06-22_19-22-58
2026-06-22_19-26-59,0,draft.go:2026-06-22_19-26-59
2026-06-22_19-27-10,33,draft.go:2026-06-22_19-27-10
2026-06-22_19-28-01,33,draft.go:2026-06-22_19-27-10
2026-06-22_19-28-01,33,draft.go:2026-06-22_19-27-10
2026-06-22_19-28-02,33,draft.go:2026-06-22_19-27-10
2026-06-22_19-28-50,33,draft.go:2026-06-22_19-27-10
2026-06-22_19-35-22,100,draft.go:2026-06-22_19-35-22
