2026-05-25_17-09-03,0,draft.go:2026-05-25_17-09-03
2026-05-25_17-22-30,0,draft.go:2026-05-25_17-22-30
2026-05-25_17-22-31,0,draft.go:2026-05-25_17-22-30
2026-05-25_17-22-52,0,draft.go:2026-05-25_17-22-52
2026-05-25_17-23-21,0,draft.go:2026-05-25_17-23-21
2026-05-25_17-23-36,0,draft.go:2026-05-25_17-23-36
2026-05-25_17-23-52,0,draft.go:2026-05-25_17-23-52
2026-05-25_17-24-13,---,draft.go:2026-05-25_17-23-52
2026-05-25_17-25-15,0,draft.go:2026-05-25_17-25-15
2026-05-25_17-25-26,0,draft.go:2026-05-25_17-25-26
2026-05-25_17-25-38,0,draft.go:2026-05-25_17-25-38
2026-05-25_17-25-42,0,draft.go:2026-05-25_17-25-38
2026-05-25_17-25-43,0,draft.go:2026-05-25_17-25-38
2026-05-25_17-26-15,0,draft.go:2026-05-25_17-26-15
2026-05-25_17-26-16,0,draft.go:2026-05-25_17-26-15
2026-05-25_17-26-33,20,draft.go:2026-05-25_17-26-33
2026-05-25_17-26-44,20,draft.go:2026-05-25_17-26-44
2026-05-25_17-27-55,20,draft.go:2026-05-25_17-26-44
2026-05-25_17-32-32,40,draft.go:2026-05-25_17-32-32
2026-05-25_17-32-33,40,draft.go:2026-05-25_17-32-32
2026-05-25_17-32-34,40,draft.go:2026-05-25_17-32-32
2026-05-25_17-32-35,40,draft.go:2026-05-25_17-32-32
2026-05-25_17-32-52,40,draft.go:2026-05-25_17-32-32
2026-05-25_17-33-16,40,draft.go:2026-05-25_17-32-32
2026-05-25_17-35-29,40,draft.go:2026-05-25_17-35-29
2026-05-25_17-35-30,40,draft.go:2026-05-25_17-35-29
2026-05-25_17-35-34,40,draft.go:2026-05-25_17-35-29
2026-05-25_17-36-31,100,draft.go:2026-05-25_17-36-31
2026-05-25_17-36-33,100,draft.go:2026-05-25_17-36-31
2026-05-25_17-36-47,100,draft.go:2026-05-25_17-36-31
