2026-05-17_18-55-21,0,main.go:2026-05-17_18-55-21
2026-05-20_08-53-34,0,main.go:2026-05-17_18-55-21
2026-05-20_08-53-35,0,main.go:2026-05-17_18-55-21
2026-05-20_10-38-44,0,main.go:2026-05-17_18-55-21
2026-05-20_10-38-45,0,main.go:2026-05-17_18-55-21
2026-05-20_10-47-30,0,main.go:2026-05-17_18-55-21
2026-05-20_10-50-46,0,main.go:2026-05-17_18-55-21
2026-05-20_10-53-14,0,main.go:2026-05-17_18-55-21
2026-05-25_09-02-11,0,main.go:2026-05-25_09-02-11
2026-05-25_09-02-12,0,main.go:2026-05-25_09-02-11
2026-05-25_09-03-33,0,main.go:2026-05-25_09-02-11
2026-05-25_09-03-38,0,main.go:2026-05-25_09-02-11
2026-05-25_09-56-37,0,main.go:2026-05-25_09-02-11
2026-05-25_10-25-06,0,main.go:2026-05-25_09-02-11
2026-05-25_10-37-13,50,main.go:2026-05-25_10-37-13
2026-05-25_10-37-14,50,main.go:2026-05-25_10-37-13
2026-05-25_10-37-25,50,main.go:2026-05-25_10-37-13
2026-05-25_10-37-34,50,main.go:2026-05-25_10-37-34
2026-05-25_10-37-35,50,main.go:2026-05-25_10-37-34
2026-05-25_10-37-35,50,main.go:2026-05-25_10-37-34
2026-05-25_10-37-36,50,main.go:2026-05-25_10-37-34
2026-05-25_10-38-02,100,main.go:2026-05-25_10-38-02
2026-05-25_10-38-03,100,main.go:2026-05-25_10-38-02
2026-05-25_10-38-11,100,main.go:2026-05-25_10-38-11
2026-05-25_10-48-36,100,main.go:2026-05-25_10-38-11
