2026-03-12_21-37-50,0,draft.go:2026-03-12_21-37-50
2026-03-12_21-37-50,0,draft.go:2026-03-12_21-37-50
2026-03-12_21-52-54,0,draft.go:2026-03-12_21-52-54
2026-03-12_21-54-19,0,draft.go:2026-03-12_21-54-19
2026-03-12_21-55-02,0,draft.go:2026-03-12_21-55-02
2026-03-12_21-55-03,0,draft.go:2026-03-12_21-55-02
2026-03-12_21-55-43,0,draft.go:2026-03-12_21-55-43
2026-03-12_21-55-55,---,draft.go:2026-03-12_21-55-55
2026-03-12_21-57-45,100,draft.go:2026-03-12_21-55-55
2026-03-12_21-58-08,100,draft.go:2026-03-12_21-58-08
2026-03-12_21-58-38,100,draft.go:2026-03-12_21-58-38
2026-03-12_21-59-24,100,draft.go:2026-03-12_21-58-38
2026-03-12_22-00-05,100,draft.go:2026-03-12_21-58-38
2026-03-12_22-00-44,100,draft.go:2026-03-12_21-58-38
2026-03-12_22-00-46,100,draft.go:2026-03-12_21-58-38
2026-03-12_22-01-37,100,draft.go:2026-03-12_21-58-38
2026-03-12_22-01-38,100,draft.go:2026-03-12_21-58-38
2026-03-12_22-01-47,100,draft.go:2026-03-12_21-58-38
2026-03-12_22-01-48,100,draft.go:2026-03-12_21-58-38
2026-03-12_22-01-48,100,draft.go:2026-03-12_21-58-38
2026-03-12_22-02-11,100,draft.go:2026-03-12_22-02-11
2026-03-12_22-02-11,100,draft.go:2026-03-12_22-02-11
2026-03-12_22-02-13,---,draft.go:2026-03-12_22-02-13
2026-03-12_22-03-02,100,draft.go:2026-03-12_22-02-13
2026-03-12_22-03-03,100,draft.go:2026-03-12_22-02-13
2026-03-12_22-03-04,100,draft.go:2026-03-12_22-02-13
2026-03-12_22-03-05,100,draft.go:2026-03-12_22-02-13
2026-03-12_22-03-05,100,draft.go:2026-03-12_22-02-13
2026-03-12_22-03-06,100,draft.go:2026-03-12_22-02-13
2026-03-12_22-03-06,100,draft.go:2026-03-12_22-02-13
2026-03-12_22-03-06,100,draft.go:2026-03-12_22-02-13
2026-03-12_22-03-07,100,draft.go:2026-03-12_22-02-13
2026-03-12_22-03-07,100,draft.go:2026-03-12_22-02-13
2026-03-12_22-03-07,100,draft.go:2026-03-12_22-02-13
2026-03-12_22-03-07,100,draft.go:2026-03-12_22-02-13
2026-03-12_22-03-08,100,draft.go:2026-03-12_22-02-13
2026-03-12_22-03-08,100,draft.go:2026-03-12_22-02-13
2026-03-12_22-03-08,100,draft.go:2026-03-12_22-02-13
2026-03-12_22-03-08,100,draft.go:2026-03-12_22-02-13
2026-03-12_22-03-09,100,draft.go:2026-03-12_22-02-13
2026-03-12_22-03-09,100,draft.go:2026-03-12_22-02-13
2026-03-12_22-03-09,100,draft.go:2026-03-12_22-02-13
2026-03-12_22-03-09,100,draft.go:2026-03-12_22-02-13
2026-03-12_22-03-10,100,draft.go:2026-03-12_22-02-13
2026-03-12_22-03-10,100,draft.go:2026-03-12_22-02-13
2026-03-12_22-03-10,100,draft.go:2026-03-12_22-02-13
2026-03-12_22-03-10,100,draft.go:2026-03-12_22-02-13
2026-03-12_22-03-11,100,draft.go:2026-03-12_22-02-13
2026-03-12_22-08-42,0,draft.go:2026-03-12_22-08-42
2026-03-12_22-09-01,0,draft.go:2026-03-12_22-08-42
2026-03-12_22-09-10,0,draft.go:2026-03-12_22-08-42
2026-03-12_22-09-23,0,draft.go:2026-03-12_22-08-42
2026-03-12_22-09-25,0,draft.go:2026-03-12_22-08-42
2026-03-12_22-09-53,100,draft.go:2026-03-12_22-09-53
2026-03-17_08-18-53,100,draft.go:2026-03-12_22-09-53
