2026-04-14_09-28-43,0,main.go:2026-04-14_09-28-43
2026-04-14_20-36-30,0,main.go:2026-04-14_20-36-30
2026-04-14_20-37-19,0,main.go:2026-04-14_20-36-30
2026-04-14_20-38-12,0,main.go:2026-04-14_20-38-12
2026-04-14_20-39-38,100,main.go:2026-04-14_20-39-38
2026-04-14_20-40-01,100,main.go:2026-04-14_20-39-38
2026-04-14_20-40-02,100,main.go:2026-04-14_20-39-38
2026-04-14_20-40-03,100,main.go:2026-04-14_20-39-38
2026-04-14_20-40-04,100,main.go:2026-04-14_20-39-38
2026-04-14_20-40-04,100,main.go:2026-04-14_20-39-38
2026-04-14_20-40-04,100,main.go:2026-04-14_20-39-38
2026-04-14_20-40-05,100,main.go:2026-04-14_20-39-38
2026-04-14_20-40-07,---,main.go:2026-04-14_20-39-38
2026-04-14_20-49-13,0,main.go:2026-04-14_20-49-13
2026-04-14_20-49-15,0,main.go:2026-04-14_20-49-13
2026-04-14_20-49-58,0,main.go:2026-04-14_20-49-58
2026-04-14_20-50-02,0,main.go:2026-04-14_20-49-58
2026-04-14_20-50-15,0,main.go:2026-04-14_20-50-15
2026-04-14_20-50-43,0,main.go:2026-04-14_20-50-43
2026-04-14_20-50-45,0,main.go:2026-04-14_20-50-43
2026-04-14_20-51-53,100,main.go:2026-04-14_20-51-53
2026-04-14_20-51-54,100,main.go:2026-04-14_20-51-53
2026-04-14_20-52-11,100,main.go:2026-04-14_20-51-53
