2026-04-27_11-14-19,0,main.go:2026-04-27_11-14-19
2026-04-27_11-14-19,0,main.go:2026-04-27_11-14-19
2026-04-27_12-01-29,0,main.go:2026-04-27_12-01-29
2026-04-27_12-05-28,0,main.go:2026-04-27_12-05-28
2026-04-27_12-05-35,0,main.go:2026-04-27_12-05-35
2026-04-27_12-05-36,0,main.go:2026-04-27_12-05-35
2026-04-27_12-05-36,0,main.go:2026-04-27_12-05-35
2026-04-27_12-06-25,0,main.go:2026-04-27_12-06-25
2026-04-27_12-06-26,0,main.go:2026-04-27_12-06-25
2026-04-27_12-07-09,0,main.go:2026-04-27_12-07-09
2026-04-27_12-07-10,0,main.go:2026-04-27_12-07-09
2026-04-27_12-07-10,0,main.go:2026-04-27_12-07-09
2026-04-27_12-08-14,0,main.go:2026-04-27_12-08-14
2026-04-27_12-09-53,0,main.go:2026-04-27_12-09-53
2026-04-27_12-12-23,0,main.go:2026-04-27_12-12-23
2026-04-27_12-21-49,16,main.go:2026-04-27_12-21-49
2026-04-27_13-57-48,16,main.go:2026-04-27_13-57-48
2026-04-27_13-57-50,16,main.go:2026-04-27_13-57-48
2026-04-27_13-58-37,16,main.go:2026-04-27_13-58-37
2026-04-27_13-58-58,16,main.go:2026-04-27_13-58-58
2026-04-27_14-01-32,16,main.go:2026-04-27_13-58-58
2026-04-27_14-03-41,16,main.go:2026-04-27_13-58-58
2026-04-27_14-04-16,33,main.go:2026-04-27_14-04-16
2026-04-27_14-04-17,33,main.go:2026-04-27_14-04-16
2026-04-27_14-05-01,33,main.go:2026-04-27_14-05-01
2026-04-27_14-05-02,33,main.go:2026-04-27_14-05-01
2026-04-27_14-06-26,0,main.go:2026-04-27_14-06-26
2026-04-27_14-06-27,0,main.go:2026-04-27_14-06-26
2026-04-27_14-06-44,33,main.go:2026-04-27_14-06-44
2026-04-27_14-07-55,33,main.go:2026-04-27_14-06-44
2026-04-27_14-08-31,0,main.go:2026-04-27_14-08-31
2026-04-27_14-08-32,0,main.go:2026-04-27_14-08-31
2026-04-27_14-08-33,0,main.go:2026-04-27_14-08-31
2026-04-27_14-08-39,33,main.go:2026-04-27_14-08-39
2026-04-27_14-09-11,33,main.go:2026-04-27_14-09-11
2026-04-27_14-09-43,33,main.go:2026-04-27_14-09-43
2026-04-27_14-11-18,16,main.go:2026-04-27_14-11-18
2026-04-27_14-11-35,33,main.go:2026-04-27_14-11-35
2026-04-27_14-12-02,50,main.go:2026-04-27_14-12-02
2026-04-27_14-12-04,50,main.go:2026-04-27_14-12-02
2026-04-27_14-13-50,66,main.go:2026-04-27_14-13-50
2026-04-27_14-14-58,0,main.go:2026-04-27_14-14-58
2026-04-27_14-14-59,0,main.go:2026-04-27_14-14-58
2026-04-27_14-15-14,66,main.go:2026-04-27_14-15-14
2026-04-27_14-15-55,50,main.go:2026-04-27_14-15-55
2026-04-27_14-16-48,0,main.go:2026-04-27_14-16-48
2026-04-27_14-17-27,0,main.go:2026-04-27_14-17-27
2026-04-27_14-17-34,50,main.go:2026-04-27_14-17-34
2026-04-27_14-18-42,50,main.go:2026-04-27_14-18-42
2026-04-27_14-18-53,50,main.go:2026-04-27_14-18-53
2026-04-27_14-19-41,83,main.go:2026-04-27_14-19-41
2026-04-27_14-20-59,100,main.go:2026-04-27_14-20-59
2026-04-27_14-30-55,100,main.go:2026-04-27_14-20-59
2026-04-27_14-30-56,100,main.go:2026-04-27_14-20-59
2026-04-27_14-34-10,100,main.go:2026-04-27_14-20-59
2026-04-28_09-14-59,100,main.go:2026-04-27_14-20-59
