2026-05-27_10-08-49,0,main.go:2026-05-27_10-08-49
2026-05-27_10-09-46,0,main.go:2026-05-27_10-09-46
2026-05-27_10-09-57,0,main.go:2026-05-27_10-09-57
2026-05-27_10-12-38,33,main.go:2026-05-27_10-12-38
2026-05-27_10-15-14,0,main.go:2026-05-27_10-15-14
2026-05-27_10-18-24,0,main.go:2026-05-27_10-18-24
2026-05-27_10-18-41,0,main.go:2026-05-27_10-18-41
2026-05-27_10-19-30,33,main.go:2026-05-27_10-19-30
2026-05-27_10-19-48,66,main.go:2026-05-27_10-19-48
2026-05-27_10-21-35,66,main.go:2026-05-27_10-21-35
2026-05-27_10-22-03,100,main.go:2026-05-27_10-22-03
2026-05-27_10-23-14,100,main.go:2026-05-27_10-22-03
2026-05-27_10-37-15,100,main.go:2026-05-27_10-22-03
2026-05-27_10-37-37,---,main.go:2026-05-27_10-22-03
2026-05-27_10-38-19,100,main.go:2026-05-27_10-22-03
2026-05-27_10-38-20,100,main.go:2026-05-27_10-22-03
2026-05-27_11-26-48,100,main.go:2026-05-27_10-22-03
2026-05-27_11-47-19,100,main.go:2026-05-27_10-22-03
2026-05-27_11-47-47,100,main.go:2026-05-27_10-22-03
2026-05-27_11-58-33,100,main.go:2026-05-27_10-22-03
