2026-06-07_14-42-42,0,main.go:2026-06-07_14-42-42
2026-06-07_14-46-02,0,main.go:2026-06-07_14-46-02
2026-06-07_14-46-40,0,main.go:2026-06-07_14-46-40
2026-06-07_14-47-35,0,main.go:2026-06-07_14-46-40
2026-06-07_20-00-50,0,main.go:2026-06-07_14-46-40
2026-06-07_20-04-01,0,main.go:2026-06-07_20-04-01
2026-06-07_20-07-01,0,main.go:2026-06-07_20-07-01
2026-06-07_20-07-51,0,main.go:2026-06-07_20-07-51
2026-06-07_20-07-51,0,main.go:2026-06-07_20-07-51
2026-06-07_20-07-52,0,main.go:2026-06-07_20-07-52
2026-06-07_20-07-52,0,main.go:2026-06-07_20-07-52
2026-06-07_20-07-52,0,main.go:2026-06-07_20-07-52
2026-06-07_20-07-54,0,main.go:2026-06-07_20-07-52
2026-06-07_20-08-01,0,main.go:2026-06-07_20-08-01
2026-06-07_20-08-19,0,main.go:2026-06-07_20-08-19
2026-06-07_20-08-24,0,main.go:2026-06-07_20-08-19
2026-06-07_20-09-44,14,main.go:2026-06-07_20-09-44
2026-06-07_20-09-46,14,main.go:2026-06-07_20-09-44
2026-06-07_20-09-49,14,main.go:2026-06-07_20-09-44
2026-06-07_20-09-51,14,main.go:2026-06-07_20-09-44
2026-06-07_20-09-53,14,main.go:2026-06-07_20-09-44
2026-06-07_20-09-55,14,main.go:2026-06-07_20-09-44
2026-06-07_20-09-57,14,main.go:2026-06-07_20-09-44
2026-06-07_20-10-25,14,main.go:2026-06-07_20-09-44
2026-06-07_20-10-28,14,main.go:2026-06-07_20-09-44
2026-06-07_20-10-31,14,main.go:2026-06-07_20-09-44
2026-06-07_20-13-01,28,main.go:2026-06-07_20-13-01
2026-06-07_20-13-10,28,main.go:2026-06-07_20-13-01
2026-06-07_20-14-24,100,main.go:2026-06-07_20-14-24
2026-06-07_20-18-45,100,main.go:2026-06-07_20-14-24
